,order,family,name,sc_name,year,month,day,place,lat,lon,collector,X2020list,ORDER,Family,学名.1,latlon,X,基質,同定レベル,同定根拠,投稿先,number,齢,性,植物種,備考,pre_label
1,チョウ,アゲハチョウ,アオスジアゲハ,Graphium sarpedon nipponum,2022,5,26,川内,38.25722,140.85813,佐野孔亮,●,チョウ,アゲハチョウ,Graphium sarpedon nipponum,257.858,川内,止水,A,翅の模様,,1,,,,仙台城堀の湿地帯で給水中,"　仙台市青葉区川内,1ex.；26.V.2022 佐野孔亮"
2,チョウ,アゲハチョウ,アオスジアゲハ,Graphium sarpedon nipponum,2022,6,1,川内,38.25839,140.85508,佐野孔亮,●,チョウ,アゲハチョウ,Graphium sarpedon nipponum,258.855,川内,草上,A,模様,,1,,M,アカツメクサ,アカツメクサ吸蜜。標本有。,"　仙台市青葉区川内,1♂；1.VI.2022 佐野孔亮"
3,チョウ,アゲハチョウ,アオスジアゲハ,Graphium sarpedon nipponum,2022,6,16,川内,38.25819,140.85558,佐野孔亮,●,チョウ,アゲハチョウ,Graphium sarpedon nipponum,258.856,川内,草本,A,翅の模様,,1,,,,,"　仙台市青葉区川内,1ex.；16.VI.2022 佐野孔亮"
4,チョウ,アゲハチョウ,アオスジアゲハ,Graphium sarpedon nipponum,2022,6,18,川内,38.25614,140.85835,佐野孔亮,●,チョウ,アゲハチョウ,Graphium sarpedon nipponum,256.858,川内,草本,A,模様、翅形,,1,,F,アカツメクサ,吸蜜、標本有。,"　仙台市青葉区川内,1♀；18.VI.2022 佐野孔亮"
5,チョウ,アゲハチョウ,アオスジアゲハ,Graphium sarpedon nipponum,2022,8,19,川内,38.24978,140.86064,佐野孔亮,●,チョウ,アゲハチョウ,Graphium sarpedon nipponum,250.861,川内,草上,A,翅の模様,,1,,,,,"　仙台市青葉区川内,1ex.；19.VIII.2022 佐野孔亮"
6,チョウ,アゲハチョウ,アオスジアゲハ,Graphium sarpedon nipponum,2023,5,31,理薬,38.25859,140.84224,佐野孔亮,●,チョウ,アゲハチョウ,Graphium sarpedon nipponum,259.842,理薬,草上,A,模様,,1,,M,トベラ,春型、吸蜜中、標本有,"　仙台市青葉区荒巻青葉,1♂；31.V.2023 佐野孔亮"
7,チョウ,アゲハチョウ,カラスアゲハ,Papilio dehaanii dehaanii,2022,5,25,川内,38.26017,140.85053,佐野孔亮,●,チョウ,アゲハチョウ,Papilio dehaanii dehaanii,260.851,川内,舗装,B,体長、分布,,1,,,,,"　仙台市青葉区川内,1ex.；25.V.2022 佐野孔亮"
8,チョウ,アゲハチョウ,カラスアゲハ,Papilio dehaanii dehaanii,2023,4,21,理薬,38.25903,140.84247,佐野孔亮,●,チョウ,アゲハチョウ,Papilio dehaanii dehaanii,259.842,理薬,空中,B,翅裏に白条が見えなかった,,1,,M,,ミヤマの可能性あり,"　仙台市青葉区荒巻青葉,1♂；21.IV.2023 佐野孔亮"
9,チョウ,アゲハチョウ,カラスアゲハ,Papilio dehaanii dehaanii,2023,4,21,理薬,38.25899,140.84245,佐野孔亮,●,チョウ,アゲハチョウ,Papilio dehaanii dehaanii,259.842,理薬,草本,A,模様、翅形,,1,,F,クマガイソウ,吸蜜、標本有。,"　仙台市青葉区荒巻青葉,1♀；21.IV.2023 佐野孔亮"
10,チョウ,アゲハチョウ,カラスアゲハ,Papilio dehaanii dehaanii,2023,5,10,理薬,38.25904,140.8426,佐野孔亮,●,チョウ,アゲハチョウ,Papilio dehaanii dehaanii,259.843,理薬,,A,模様,,1,,M,,春型、標本有,"　仙台市青葉区荒巻青葉,1♂；10.V.2023 佐野孔亮"
11,チョウ,アゲハチョウ,カラスアゲハ,Papilio dehaanii dehaanii,2023,5,12,理薬,38.25898,140.84252,佐野孔亮,●,チョウ,アゲハチョウ,Papilio dehaanii dehaanii,259.843,理薬,空中,A,模様、翅形,,2,,M,,,"　仙台市青葉区荒巻青葉,2♂；12.V.2023 佐野孔亮"
12,チョウ,アゲハチョウ,カラスアゲハ,Papilio dehaanii dehaanii,2023,5,27,理薬,38.25897,140.8425,佐野孔亮,●,チョウ,アゲハチョウ,Papilio dehaanii dehaanii,259.843,理薬,空中,A,模様、翅形,,1,,M,,標本有。,"　仙台市青葉区荒巻青葉,1♂；27.V.2023 佐野孔亮"
13,チョウ,アゲハチョウ,カラスアゲハ,Papilio dehaanii dehaanii,2023,5,31,理薬,38.25897,140.84246,佐野孔亮,●,チョウ,アゲハチョウ,Papilio dehaanii dehaanii,259.842,理薬,草上,A,模様,,1,,M,ツツジ,春型、吸蜜中、標本有,"　仙台市青葉区荒巻青葉,1♂；31.V.2023 佐野孔亮"
14,チョウ,アゲハチョウ,カラスアゲハ,Papilio dehaanii dehaanii,2023,7,2,理薬,38.25945,140.84184,佐野孔亮,●,チョウ,アゲハチョウ,Papilio dehaanii dehaanii,259.842,理薬,空中,A,模様,,1,,M,,夏型、標本有,"　仙台市青葉区荒巻青葉,1♂；2.VII.2023 佐野孔亮"
15,チョウ,アゲハチョウ,カラスアゲハ,Papilio dehaanii dehaanii,2023,8,1,理薬,38.25934,140.84192,佐野孔亮,●,チョウ,アゲハチョウ,Papilio dehaanii dehaanii,259.842,理薬,,A,翅形、模様,,1,,M,,夏型、未展翅,"　仙台市青葉区荒巻青葉,1♂；1.VIII.2023 佐野孔亮"
16,チョウ,アゲハチョウ,カラスアゲハ,Papilio dehaanii dehaanii,2023,8,1,理薬,38.25934,140.84192,佐野孔亮,●,チョウ,アゲハチョウ,Papilio dehaanii dehaanii,259.842,理薬,,A,翅形、模様,,2,,2M,,夏型、未展翅,"　仙台市青葉区荒巻青葉,22♂；1.VIII.2023 佐野孔亮"
17,チョウ,アゲハチョウ,カラスアゲハ,Papilio dehaanii dehaanii,2023,8,1,理薬,38.25934,140.84192,佐野孔亮,●,チョウ,アゲハチョウ,Papilio dehaanii dehaanii,259.842,理薬,,A,翅形、模様,,1,,F,,夏型、未展翅,"　仙台市青葉区荒巻青葉,1♀；1.VIII.2023 佐野孔亮"
18,チョウ,アゲハチョウ,カラスアゲハ,Papilio dehaanii dehaanii,2023,8,22,理薬,38.25938,140.84189,佐野孔亮,●,チョウ,アゲハチョウ,Papilio dehaanii dehaanii,259.842,理薬,,A,翅形、模様,,1,,M,,秋型？、ド完品、未展翅,"　仙台市青葉区荒巻青葉,1♂；22.VIII.2023 佐野孔亮"
19,チョウ,アゲハチョウ,カラスアゲハ,Papilio dehaanii dehaanii,2023,9,12,理薬,38.25896,140.84245,佐野孔亮,●,チョウ,アゲハチョウ,Papilio dehaanii dehaanii,259.842,理薬,,A,翅形、模様,,1,,M,,未展翅,"　仙台市青葉区荒巻青葉,1♂；12.IX.2023 佐野孔亮"
20,チョウ,アゲハチョウ,モンキアゲハ,Papilio helenus nicconicolens,2022,5,30,青葉山農,38.25016,140.84008,佐野孔亮,●,チョウ,アゲハチョウ,Papilio helenus nicconicolens,250.84,青葉山農,草本,A,大きさ、白斑,,1,,,クズ,,"　仙台市青葉区荒巻青葉,1ex.；30.V.2022 佐野孔亮"
21,チョウ,アゲハチョウ,モンキアゲハ,Papilio helenus nicconicolens,2022,6,11,青葉山農,38.25025,140.83607,佐野孔亮,●,チョウ,アゲハチョウ,Papilio helenus nicconicolens,250.836,青葉山農,空中,A,大きさ、白紋,,1,,M,,,"　仙台市青葉区荒巻青葉,1♂；11.VI.2022 佐野孔亮"
22,チョウ,アゲハチョウ,モンキアゲハ,Papilio helenus nicconicolens,2022,6,16,川内,38.25753,140.85457,佐野孔亮,●,チョウ,アゲハチョウ,Papilio helenus nicconicolens,258.855,川内,樹上,A,大きさ、白紋,,1,,,ツツジ,,"　仙台市青葉区川内,1ex.；16.VI.2022 佐野孔亮"
23,チョウ,アゲハチョウ,モンキアゲハ,Papilio helenus nicconicolens,2022,6,21,川内,38.25755,140.85451,佐野孔亮,●,チョウ,アゲハチョウ,Papilio helenus nicconicolens,258.855,川内,空中,A,大きさ、白斑,,1,,M,,,"　仙台市青葉区川内,1♂；21.VI.2022 佐野孔亮"
24,チョウ,アゲハチョウ,モンキアゲハ,Papilio helenus nicconicolens,2023,6,8,工学部,38.2557,140.8373,佐野孔亮,●,チョウ,アゲハチョウ,Papilio helenus nicconicolens,256.837,工学部,草本,A,後翅白斑,,1,,F,ツツジ,春型、吸蜜中、未展翅,"　仙台市青葉区荒巻青葉,1♀；8.VI.2023 佐野孔亮"
25,チョウ,アゲハチョウ,モンキアゲハ,Papilio helenus nicconicolens,2023,8,1,理薬,38.25934,140.84192,佐野孔亮,●,チョウ,アゲハチョウ,Papilio helenus nicconicolens,259.842,理薬,,A,後翅白斑,,1,,M,,夏型、未展翅,"　仙台市青葉区荒巻青葉,1♂；1.VIII.2023 佐野孔亮"
26,チョウ,アゲハチョウ,モンキアゲハ,Papilio helenus nicconicolens,2023,8,24,理薬,38.25919,140.84229,佐野孔亮,●,チョウ,アゲハチョウ,Papilio helenus nicconicolens,259.842,理薬,,A,後翅白斑,,1,,M,,夏型、未展翅,"　仙台市青葉区荒巻青葉,1♂；24.VIII.2023 佐野孔亮"
27,チョウ,アゲハチョウ,ミヤマカラスアゲハ,Papilio maackii,2022,7,25,工学部,38.254,140.8421,佐野孔亮,●,チョウ,アゲハチョウ,Papilio maackii,254.842,工学部,草上,A,模様,,1,,M,,死骸,"　仙台市青葉区荒巻青葉,1♂；25.VII.2022 佐野孔亮"
28,チョウ,アゲハチョウ,ミヤマカラスアゲハ,Papilio maackii,2023,6,5,理薬,38.25896,140.84248,佐野孔亮,●,チョウ,アゲハチョウ,Papilio maackii,259.842,理薬,空中,A,模様,,1,,M,,春型、標本有,"　仙台市青葉区荒巻青葉,1♂；5.VI.2023 佐野孔亮"
29,チョウ,アゲハチョウ,ミヤマカラスアゲハ,Papilio maackii,2023,7,28,理薬,38.25938,140.8419,佐野孔亮,●,チョウ,アゲハチョウ,Papilio maackii,259.842,理薬,空中,A,模様,,1,,M,,夏型、標本有,"　仙台市青葉区荒巻青葉,1♂；28.VII.2023 佐野孔亮"
30,チョウ,アゲハチョウ,ミヤマカラスアゲハ,Papilio maackii,2023,8,29,理薬,38.25901,140.84244,佐野孔亮,●,チョウ,アゲハチョウ,Papilio maackii,259.842,理薬,,A,翅形、模様,,1,,M,,未展翅,"　仙台市青葉区荒巻青葉,1♂；29.VIII.2023 佐野孔亮"
31,チョウ,アゲハチョウ,キアゲハ,Papilio machaon hippocrates,2022,5,17,川内,38.25962,140.85259,佐野孔亮,●,チョウ,アゲハチョウ,Papilio machaon hippocrates,260.853,川内,低木,B,体色,,1,,,,,"　仙台市青葉区川内,1ex.；17.V.2022 佐野孔亮"
32,チョウ,アゲハチョウ,キアゲハ,Papilio machaon hippocrates,2022,7,5,川内,38.2587,140.85274,佐野孔亮,●,チョウ,アゲハチョウ,Papilio machaon hippocrates,259.853,川内,,A,翅の色,,1,,,,夏型,"　仙台市青葉区川内,1ex.；5.VII.2022 佐野孔亮"
33,チョウ,アゲハチョウ,キアゲハ,Papilio machaon hippocrates,2022,7,28,川内,38.25754,140.85465,佐野孔亮,●,チョウ,アゲハチョウ,Papilio machaon hippocrates,258.855,川内,草上,A,模様、色,,1,,,,,"　仙台市青葉区川内,1ex.；28.VII.2022 佐野孔亮"
34,チョウ,アゲハチョウ,キアゲハ,Papilio machaon hippocrates,2023,5,12,理薬,38.2583,140.84255,佐野孔亮,●,チョウ,アゲハチョウ,Papilio machaon hippocrates,258.843,理薬,,A,前翅の模様,,1,,F,,未展翅,"　仙台市青葉区荒巻青葉,1♀；12.V.2023 佐野孔亮"
35,チョウ,アゲハチョウ,キアゲハ,Papilio machaon hippocrates,2023,7,14,理薬,38.25897,140.84242,佐野孔亮,●,チョウ,アゲハチョウ,Papilio machaon hippocrates,259.842,理薬,,A,前翅の模様,,1,,M,,未展翅,"　仙台市青葉区荒巻青葉,1♂；14.VII.2023 佐野孔亮"
36,チョウ,アゲハチョウ,オナガアゲハ,Papilio macilentus macilentus,2022,5,26,川内,38.25891,140.85272,佐野孔亮,●,チョウ,アゲハチョウ,Papilio macilentus macilentus,259.853,川内,草本,A,翅形状,,1,,F,ツツジ,吸蜜中、標本有,"　仙台市青葉区川内,1♀；26.V.2022 佐野孔亮"
37,チョウ,アゲハチョウ,オナガアゲハ,Papilio macilentus macilentus,2022,6,16,川内,38.2578,140.85435,佐野孔亮,●,チョウ,アゲハチョウ,Papilio macilentus macilentus,258.854,川内,樹上,A,尾状突起、上翅の形状,,2,,,ツツジ,,"　仙台市青葉区川内,2ex.；16.VI.2022 佐野孔亮"
38,チョウ,アゲハチョウ,オナガアゲハ,Papilio macilentus macilentus,2022,6,21,川内,38.25774,140.85442,佐野孔亮,●,チョウ,アゲハチョウ,Papilio macilentus macilentus,258.854,川内,樹上,A,前翅形状,,1,,M,ツツジ,後翅が大きく欠損,"　仙台市青葉区川内,1♂；21.VI.2022 佐野孔亮"
39,チョウ,アゲハチョウ,オナガアゲハ,Papilio macilentus macilentus,2023,4,28,理薬,38.25897,140.84247,佐野孔亮,●,チョウ,アゲハチョウ,Papilio macilentus macilentus,259.842,理薬,,A,尾状突起,,1,,M,,未展翅,"　仙台市青葉区荒巻青葉,1♂；28.IV.2023 佐野孔亮"
40,チョウ,アゲハチョウ,オナガアゲハ,Papilio macilentus macilentus,2023,5,12,理薬,38.25898,140.84252,佐野孔亮,●,チョウ,アゲハチョウ,Papilio macilentus macilentus,259.843,理薬,空中,A,模様、翅形,,1,,M,,,"　仙台市青葉区荒巻青葉,1♂；12.V.2023 佐野孔亮"
41,チョウ,アゲハチョウ,オナガアゲハ,Papilio macilentus macilentus,2023,6,10,川内,38.25026,140.86094,佐野孔亮,●,チョウ,アゲハチョウ,Papilio macilentus macilentus,250.861,川内,空中,A,尾状突起,,1,,M,,春型、未展翅,"　仙台市青葉区川内,1♂；10.VI.2023 佐野孔亮"
42,チョウ,アゲハチョウ,オナガアゲハ,Papilio macilentus macilentus,2023,7,28,理薬,38.25915,140.84238,佐野孔亮,●,チョウ,アゲハチョウ,Papilio macilentus macilentus,259.842,理薬,,A,翅形,,1,,M,,夏型、標本有,"　仙台市青葉区荒巻青葉,1♂；28.VII.2023 佐野孔亮"
43,チョウ,アゲハチョウ,オナガアゲハ,Papilio macilentus macilentus,2023,8,31,理薬,38.2586,140.83941,佐野孔亮,●,チョウ,アゲハチョウ,Papilio macilentus macilentus,259.839,理薬,舗装,A,翅形,,1,,F,,第三化？、標本有,"　仙台市青葉区荒巻青葉,1♀；31.VIII.2023 佐野孔亮"
44,チョウ,アゲハチョウ,オナガアゲハ,Papilio macilentus macilentus,2023,9,1,理薬,38.25934,140.84192,佐野孔亮,●,チョウ,アゲハチョウ,Papilio macilentus macilentus,259.842,理薬,,A,尾状突起,,1,,M,,未展翅,"　仙台市青葉区荒巻青葉,1♂；1.IX.2023 佐野孔亮"
45,チョウ,アゲハチョウ,クロアゲハ,Papilio protenor demetrius,2022,5,26,川内,38.25722,140.85813,佐野孔亮,●,チョウ,アゲハチョウ,Papilio protenor demetrius,257.858,川内,止水,B,翅形状、斑紋,,1,,,,仙台城堀の湿地帯で給水中,"　仙台市青葉区川内,1ex.；26.V.2022 佐野孔亮"
46,チョウ,アゲハチョウ,クロアゲハ,Papilio protenor demetrius,2022,5,26,川内,38.25261,140.85885,佐野孔亮,●,チョウ,アゲハチョウ,Papilio protenor demetrius,253.859,川内,草本,C,翅形状,,1,,,,吸蜜中,"　仙台市青葉区川内,1ex.；26.V.2022 佐野孔亮"
47,チョウ,アゲハチョウ,クロアゲハ,Papilio protenor demetrius,2022,5,29,川内,38.25262,140.8589,佐野孔亮,●,チョウ,アゲハチョウ,Papilio protenor demetrius,253.859,川内,草本,A,模様、翅形,,1,,M,ツツジ,吸蜜、標本有。,"　仙台市青葉区川内,1♂；29.V.2022 佐野孔亮"
48,チョウ,アゲハチョウ,クロアゲハ,Papilio protenor demetrius,2022,6,5,川内,38.24984,140.86235,佐野孔亮,●,チョウ,アゲハチョウ,Papilio protenor demetrius,250.862,川内,空中,A,模様、翅形,,2,,1M1F,,求愛中。♂のみ標本有。,"　仙台市青葉区川内,21♂1♀；5.VI.2022 佐野孔亮"
49,チョウ,アゲハチョウ,クロアゲハ,Papilio protenor demetrius,2022,6,11,川内,38.25824,140.84946,佐野孔亮,●,チョウ,アゲハチョウ,Papilio protenor demetrius,258.849,川内,空中,B,翅形状、体色,,1,,,,,"　仙台市青葉区川内,1ex.；11.VI.2022 佐野孔亮"
50,チョウ,アゲハチョウ,クロアゲハ,Papilio protenor demetrius,2022,6,19,川内,38.25055,140.85878,佐野孔亮,●,チョウ,アゲハチョウ,Papilio protenor demetrius,251.859,川内,草本,A,翅形、模様,,1,,M,ツツジ,吸蜜、標本有。,"　仙台市青葉区川内,1♂；19.VI.2022 佐野孔亮"
51,チョウ,アゲハチョウ,クロアゲハ,Papilio protenor demetrius,2022,6,20,川内,38.2505,140.85887,佐野孔亮,●,チョウ,アゲハチョウ,Papilio protenor demetrius,251.859,川内,草本,A,翅形、模様,,1,,F,ツツジ,吸蜜、標本有。,"　仙台市青葉区川内,1♀；20.VI.2022 佐野孔亮"
52,チョウ,アゲハチョウ,クロアゲハ,Papilio protenor demetrius,2022,6,21,川内,38.2579,140.85444,佐野孔亮,●,チョウ,アゲハチョウ,Papilio protenor demetrius,258.854,川内,樹上,A,尾錠突起,,1,,M,ツツジ,,"　仙台市青葉区川内,1♂；21.VI.2022 佐野孔亮"
53,チョウ,アゲハチョウ,クロアゲハ,Papilio protenor demetrius,2022,7,28,川内,38.25687,140.85748,佐野孔亮,●,チョウ,アゲハチョウ,Papilio protenor demetrius,257.857,川内,樹上,A,前翅形状,,1,,,,,"　仙台市青葉区川内,1ex.；28.VII.2022 佐野孔亮"
54,チョウ,アゲハチョウ,クロアゲハ,Papilio protenor demetrius,2023,4,7,理薬,38.25834,140.84238,佐野孔亮,●,チョウ,アゲハチョウ,Papilio protenor demetrius,258.842,理薬,,A,模様、翅形,,1,,F,,標本有。,"　仙台市青葉区荒巻青葉,1♀；7.IV.2023 佐野孔亮"
55,チョウ,アゲハチョウ,クロアゲハ,Papilio protenor demetrius,2023,5,12,理薬,38.25898,140.84277,佐野孔亮,●,チョウ,アゲハチョウ,Papilio protenor demetrius,259.843,理薬,,A,翅形、模様,,1,,M,,未展翅,"　仙台市青葉区荒巻青葉,1♂；12.V.2023 佐野孔亮"
56,チョウ,アゲハチョウ,クロアゲハ,Papilio protenor demetrius,2023,5,27,理薬,38.25835,140.84253,佐野孔亮,●,チョウ,アゲハチョウ,Papilio protenor demetrius,258.843,理薬,,A,翅形、模様,,1,,F,,未展翅,"　仙台市青葉区荒巻青葉,1♀；27.V.2023 佐野孔亮"
57,チョウ,アゲハチョウ,クロアゲハ,Papilio protenor demetrius,2023,5,27,理薬,38.25903,140.84246,佐野孔亮,●,チョウ,アゲハチョウ,Papilio protenor demetrius,259.842,理薬,,A,翅形、模様,,1,,M,,未展翅,"　仙台市青葉区荒巻青葉,1♂；27.V.2023 佐野孔亮"
58,チョウ,アゲハチョウ,クロアゲハ,Papilio protenor demetrius,2023,5,27,理薬,38.25897,140.8425,佐野孔亮,●,チョウ,アゲハチョウ,Papilio protenor demetrius,259.843,理薬,,A,翅形、模様,,1,,M,,未展翅,"　仙台市青葉区荒巻青葉,1♂；27.V.2023 佐野孔亮"
59,チョウ,アゲハチョウ,クロアゲハ,Papilio protenor demetrius,2023,7,21,理薬,38.25929,140.84198,佐野孔亮,●,チョウ,アゲハチョウ,Papilio protenor demetrius,259.842,理薬,,A,翅形、模様,,1,,M,,夏型、未展翅,"　仙台市青葉区荒巻青葉,1♂；21.VII.2023 佐野孔亮"
60,チョウ,アゲハチョウ,クロアゲハ,Papilio protenor demetrius,2023,7,28,理薬,38.25915,140.84238,佐野孔亮,●,チョウ,アゲハチョウ,Papilio protenor demetrius,259.842,理薬,,A,翅形、模様,,1,,M,,夏型、未展翅,"　仙台市青葉区荒巻青葉,1♂；28.VII.2023 佐野孔亮"
61,チョウ,アゲハチョウ,クロアゲハ,Papilio protenor demetrius,2023,8,1,理薬,38.25911,140.84231,佐野孔亮,●,チョウ,アゲハチョウ,Papilio protenor demetrius,259.842,理薬,,A,翅形、模様,,1,,M,,夏型、未展翅,"　仙台市青葉区荒巻青葉,1♂；1.VIII.2023 佐野孔亮"
62,チョウ,アゲハチョウ,クロアゲハ,Papilio protenor demetrius,2023,8,1,理薬,38.25934,140.84192,佐野孔亮,●,チョウ,アゲハチョウ,Papilio protenor demetrius,259.842,理薬,,A,翅形、模様,,1,,M,,夏型、未展翅,"　仙台市青葉区荒巻青葉,1♂；1.VIII.2023 佐野孔亮"
63,チョウ,アゲハチョウ,クロアゲハ,Papilio protenor demetrius,2023,8,22,理薬,38.25938,140.84189,佐野孔亮,●,チョウ,アゲハチョウ,Papilio protenor demetrius,259.842,理薬,,A,翅形、模様,,1,,M,,夏型、未展翅,"　仙台市青葉区荒巻青葉,1♂；22.VIII.2023 佐野孔亮"
64,チョウ,アゲハチョウ,クロアゲハ,Papilio protenor demetrius,2023,8,23,理薬,38.25831,140.83909,佐野孔亮,●,チョウ,アゲハチョウ,Papilio protenor demetrius,258.839,理薬,,A,翅形、模様,,1,,F,,夏型、未展翅,"　仙台市青葉区荒巻青葉,1♀；23.VIII.2023 佐野孔亮"
65,チョウ,アゲハチョウ,クロアゲハ,Papilio protenor demetrius,2023,8,29,理薬,38.25938,140.84189,佐野孔亮,●,チョウ,アゲハチョウ,Papilio protenor demetrius,259.842,理薬,,A,翅形、模様,,1,,M,,夏型、未展翅,"　仙台市青葉区荒巻青葉,1♂；29.VIII.2023 佐野孔亮"
66,チョウ,アゲハチョウ,アゲハ,Papilio xuthus,2022,5,26,川内,38.2565,140.85827,佐野孔亮,_,チョウ,アゲハチョウ,Papilio xuthus,257.858,川内,空中,A,翅の模様、色,,1,,,,,"　仙台市青葉区川内,1ex.；26.V.2022 佐野孔亮"
67,チョウ,アゲハチョウ,ナミアゲハ,Papilio xuthus,2023,4,19,理薬,38.25813,140.84188,佐野孔亮,●,チョウ,アゲハチョウ,Papilio xuthus,258.842,理薬,空中,A,模様,,1,,,,,"　仙台市青葉区荒巻青葉,1ex.；19.IV.2023 佐野孔亮"
68,チョウ,アゲハチョウ,ナミアゲハ,Papilio xuthus,2023,4,21,理薬,38.25896,140.84251,佐野孔亮,●,チョウ,アゲハチョウ,Papilio xuthus,259.843,理薬,草本,A,模様、色合いが白っぽい,,1,,,,,"　仙台市青葉区荒巻青葉,1ex.；21.IV.2023 佐野孔亮"
69,チョウ,アゲハチョウ,ナミアゲハ,Papilio xuthus,2023,6,5,理薬,38.25902,140.84247,佐野孔亮,●,チョウ,アゲハチョウ,Papilio xuthus,259.842,理薬,空中,A,前翅の模様,,1,,,,未展翅,"　仙台市青葉区荒巻青葉,1ex.；5.VI.2023 佐野孔亮"
70,チョウ,アゲハチョウ,ナミアゲハ,Papilio xuthus,2023,9,12,理薬,38.25918,140.84221,佐野孔亮,●,チョウ,アゲハチョウ,Papilio xuthus,259.842,理薬,,A,前翅の模様,,1,,,,未展翅,"　仙台市青葉区荒巻青葉,1ex.；12.IX.2023 佐野孔亮"
71,チョウ,シジミチョウ,ムラサキシジミ,Arhopala japonica,2023,4,21,理薬,38.25892,140.84237,佐野孔亮,●,チョウ,シジミチョウ,Arhopala japonica,259.842,理薬,,A,模様,,1,,,,未展翅,"　仙台市青葉区荒巻青葉,1ex.；21.IV.2023 佐野孔亮"
72,チョウ,シジミチョウ,ムラサキシジミ,Arhopala japonica,2023,4,21,理薬,38.25892,140.84237,佐野孔亮,●,チョウ,シジミチョウ,Arhopala japonica,259.842,理薬,,A,模様,,1,,,,未展翅,"　仙台市青葉区荒巻青葉,1ex.；21.IV.2023 佐野孔亮"
73,チョウ,シジミチョウ,ルリシジミ,Celastrina argiolus ladonides,2022,4,26,川内,38.2567,140.85055,佐野孔亮,●,チョウ,シジミチョウ,Celastrina argiolus ladonides,257.851,川内,草本,B,翅の模様,,1,,,,,"　仙台市青葉区川内,1ex.；26.IV.2022 佐野孔亮"
74,チョウ,シジミチョウ,ルリシジミ,Celastrina argiolus ladonides,2022,7,16,青葉山農,38.25519,140.83331,佐野孔亮,●,チョウ,シジミチョウ,Celastrina argiolus ladonides,255.833,青葉山農,,A,模様,,1,,,,未展翅,"　仙台市青葉区荒巻青葉,1ex.；16.VII.2022 佐野孔亮"
75,チョウ,シジミチョウ,ルリシジミ,Celastrina argiolus ladonides,2023,4,5,青葉山農,38.24884,140.83987,佐野孔亮,●,チョウ,シジミチョウ,Celastrina argiolus ladonides,249.84,青葉山農,,A,裏面の模様,,1,,,,未展翅,"　仙台市青葉区荒巻青葉,1ex.；5.IV.2023 佐野孔亮"
76,チョウ,シジミチョウ,ルリシジミ,Celastrina argiolus ladonides,2023,6,10,理薬,38.25893,140.84238,佐野孔亮,●,チョウ,シジミチョウ,Celastrina argiolus ladonides,259.842,理薬,,A,裏面の模様,,1,,,,未展翅,"　仙台市青葉区荒巻青葉,1ex.；10.VI.2023 佐野孔亮"
77,チョウ,シジミチョウ,ルリシジミ,Celastrina argiolus ladonides,2023,6,20,理薬,38.25817,140.83665,佐野孔亮,●,チョウ,シジミチョウ,Celastrina argiolus ladonides,258.837,理薬,,A,模様,,1,,,,未展翅,"　仙台市青葉区荒巻青葉,1ex.；20.VI.2023 佐野孔亮"
78,チョウ,シジミチョウ,ウラギンシジミ,Curetis acuta paracuta,2022,6,18,川内,38.25047,140.85887,佐野孔亮,●,チョウ,シジミチョウ,Curetis acuta paracuta,250.859,川内,,A,模様,,1,,,,未展翅,"　仙台市青葉区川内,1ex.；18.VI.2022 佐野孔亮"
79,チョウ,シジミチョウ,ウラギンシジミ,Curetis acuta paracuta,2022,6,20,川内,38.26023,140.8525,佐野孔亮,●,チョウ,シジミチョウ,Curetis acuta paracuta,260.853,川内,,A,模様,,1,,M,,未展翅,"　仙台市青葉区川内,1♂；20.VI.2022 佐野孔亮"
80,チョウ,シジミチョウ,ウラギンシジミ,Curetis acuta paracuta,2023,8,24,理薬,38.25902,140.84246,佐野孔亮,●,チョウ,シジミチョウ,Curetis acuta paracuta,259.842,理薬,,A,模様,,1,,F,,未展翅,"　仙台市青葉区荒巻青葉,1♀；24.VIII.2023 佐野孔亮"
81,チョウ,シジミチョウ,アカシジミ,Japonica lutea lutea,2023,6,7,理薬,38.25904,140.84258,佐野孔亮,●,チョウ,シジミチョウ,Japonica lutea lutea,259.843,理薬,草本,A,模様,,1,,,,,"　仙台市青葉区荒巻青葉,1ex.；7.VI.2023 佐野孔亮"
82,チョウ,シジミチョウ,ウラナミシジミ,Lampides boeticus,2023,9,20,理薬,38.25869,140.8416,佐野孔亮,●,チョウ,シジミチョウ,Lampides boeticus,259.842,理薬,,A,裏面の模様,,1,,,,未展翅,"　仙台市青葉区荒巻青葉,1ex.；20.IX.2023 佐野孔亮"
83,チョウ,シジミチョウ,ウラナミシジミ,Lampides boeticus,2023,9,25,青葉山農,38.25032,140.83613,佐野孔亮,●,チョウ,シジミチョウ,Lampides boeticus,250.836,青葉山農,,A,裏面の模様,,1,,,,未展翅,"　仙台市青葉区荒巻青葉,1ex.；25.IX.2023 佐野孔亮"
84,チョウ,シジミチョウ,ベニシジミ,Lycaena phlaeas chinensis,2022,4,19,川内,38.25658,140.8547,佐野孔亮,●,チョウ,シジミチョウ,Lycaena phlaeas chinensis,257.855,川内,,A,模様,,1,,,,未展翅,"　仙台市青葉区川内,1ex.；19.IV.2022 佐野孔亮"
85,チョウ,シジミチョウ,ベニシジミ,Lycaena phlaeas chinensis,2023,6,28,理薬,38.25934,140.84182,佐野孔亮,●,チョウ,シジミチョウ,Lycaena phlaeas chinensis,259.842,理薬,,A,模様,,1,,,,未展翅,"　仙台市青葉区荒巻青葉,1ex.；28.VI.2023 佐野孔亮"
86,チョウ,シジミチョウ,ベニシジミ,Lycaena phlaeas chinensis,2023,7,5,理薬,38.25926,140.84191,佐野孔亮,●,チョウ,シジミチョウ,Lycaena phlaeas chinensis,259.842,理薬,,A,模様,,1,,,,未展翅,"　仙台市青葉区荒巻青葉,1ex.；5.VII.2023 佐野孔亮"
87,チョウ,シジミチョウ,ミドリシジミ,Neozephyrus japonicus japonicus,2023,7,7,青葉山農,38.25131,140.83485,佐野孔亮,●,チョウ,シジミチョウ,Neozephyrus japonicus japonicus,251.835,青葉山農,空中,A,裏面の模様,,2,,2M,,逆卍巴飛翔中,"　仙台市青葉区荒巻青葉,22♂；7.VII.2023 佐野孔亮"
88,チョウ,シジミチョウ,トラフシジミ,Rapala arata,2023,4,10,理薬,38.2583,140.84218,佐野孔亮,●,チョウ,シジミチョウ,Rapala arata,258.842,理薬,草上,C,模様,,1,,M,,,"　仙台市青葉区荒巻青葉,1♂；10.IV.2023 佐野孔亮"
89,チョウ,シジミチョウ,トラフシジミ,Rapala arata,2023,4,19,理薬,38.25836,140.84227,佐野孔亮,●,チョウ,シジミチョウ,Rapala arata,258.842,理薬,草上,A,大きさ、翅裏の模様,,1,,,,,"　仙台市青葉区荒巻青葉,1ex.；19.IV.2023 佐野孔亮"
90,チョウ,シジミチョウ,ムモンアカシジミ,Shirozua jonasi,2023,8,3,X,38.26535,140.84097,佐野孔亮,●,チョウ,シジミチョウ,Shirozua jonasi,265.841,X,,A,裏面の模様,,1,,,,未展翅,"仙台市青葉区荒巻三居沢,1ex.；3.VIII.2023 佐野孔亮"
91,チョウ,シジミチョウ,ゴイシシジミ,Taraka hamada hamada,2022,6,11,青葉山農,38.25136,140.83439,佐野孔亮,●,チョウ,シジミチョウ,Taraka hamada hamada,251.834,青葉山農,草本,A,翅裏の模様,,1,,,,,"　仙台市青葉区荒巻青葉,1ex.；11.VI.2022 佐野孔亮"
92,チョウ,シジミチョウ,ヤマトシジミ,Zizeeria maha argia,2023,7,5,理薬,38.25845,140.84228,佐野孔亮,●,チョウ,シジミチョウ,Zizeeria maha argia,258.842,理薬,,A,模様,,1,,F,,未展翅,"　仙台市青葉区荒巻青葉,1♀；5.VII.2023 佐野孔亮"
93,チョウ,シロチョウ,ツマキチョウ,Anthocharis scolymus scolymus,2022,5,18,青葉山農,38.2505,140.83663,佐野孔亮,●,チョウ,シロチョウ,Anthocharis scolymus scolymus,250.837,青葉山農,,A,後翅裏面の模様,,1,,M,,未展翅,"　仙台市青葉区荒巻青葉,1♂；18.V.2022 佐野孔亮"
94,チョウ,シロチョウ,ツマキチョウ,Anthocharis scolymus scolymus,2023,4,19,理薬,38.25844,140.84264,佐野孔亮,●,チョウ,シロチョウ,Anthocharis scolymus scolymus,258.843,理薬,草上,A,翅先の色がオレンジ,,1,,M,,,"　仙台市青葉区荒巻青葉,1♂；19.IV.2023 佐野孔亮"
95,チョウ,シロチョウ,ツマキチョウ,Anthocharis scolymus scolymus,2023,4,20,理薬,38.25852,140.84246,佐野孔亮,●,チョウ,シロチョウ,Anthocharis scolymus scolymus,259.842,理薬,,A,後翅裏面の模様,,1,,M,,未展翅,"　仙台市青葉区荒巻青葉,1♂；20.IV.2023 佐野孔亮"
96,チョウ,シロチョウ,ツマキチョウ,Anthocharis scolymus scolymus,2023,4,28,理薬,38.25898,140.8425,佐野孔亮,●,チョウ,シロチョウ,Anthocharis scolymus scolymus,259.843,理薬,,A,裏面の模様,,1,,F,,未展翅,"　仙台市青葉区荒巻青葉,1♀；28.IV.2023 佐野孔亮"
97,チョウ,シロチョウ,モンキチョウ,Colias erate poliographa,2022,5,10,川内,38.25781,140.84981,佐野孔亮,●,チョウ,シロチョウ,Colias erate poliographa,258.85,川内,,A,模様,,1,,F,,未展翅,"　仙台市青葉区川内,1♀；10.V.2022 佐野孔亮"
98,チョウ,シロチョウ,モンキチョウ,Colias erate poliographa,2022,5,12,川内,38.25946,140.85658,佐野孔亮,●,チョウ,シロチョウ,Colias erate poliographa,259.857,川内,,A,模様,,1,,M,,未展翅,"　仙台市青葉区川内,1♂；12.V.2022 佐野孔亮"
99,チョウ,シロチョウ,モンキチョウ,Colias erate poliographa,2022,5,12,川内,38.2596,140.85669,佐野孔亮,●,チョウ,シロチョウ,Colias erate poliographa,260.857,川内,,A,模様,,1,,M,,未展翅,"　仙台市青葉区川内,1♂；12.V.2022 佐野孔亮"
100,チョウ,シロチョウ,モンキチョウ,Colias erate poliographa,2022,5,17,川内,38.25816,140.85492,佐野孔亮,●,チョウ,シロチョウ,Colias erate poliographa,258.855,川内,,A,模様,,1,,,,未展翅,"　仙台市青葉区川内,1ex.；17.V.2022 佐野孔亮"
101,チョウ,シロチョウ,モンキチョウ,Colias erate poliographa,2022,5,18,川内,38.25846,140.85516,佐野孔亮,●,チョウ,シロチョウ,Colias erate poliographa,258.855,川内,,A,模様,,1,,M,,未展翅,"　仙台市青葉区川内,1♂；18.V.2022 佐野孔亮"
102,チョウ,シロチョウ,モンキチョウ,Colias erate poliographa,2022,5,18,川内,38.2585,140.85484,佐野孔亮,●,チョウ,シロチョウ,Colias erate poliographa,259.855,川内,,A,模様,,1,,,,未展翅,"　仙台市青葉区川内,1ex.；18.V.2022 佐野孔亮"
103,チョウ,シロチョウ,モンキチョウ,Colias erate poliographa,2022,5,19,川内,38.25863,140.85454,佐野孔亮,●,チョウ,シロチョウ,Colias erate poliographa,259.855,川内,草上,A,模様,,1,,F,,標本有。,"　仙台市青葉区川内,1♀；19.V.2022 佐野孔亮"
104,チョウ,シロチョウ,モンキチョウ,Colias erate poliographa,2022,5,20,青葉山農,38.25449,140.83491,佐野孔亮,●,チョウ,シロチョウ,Colias erate poliographa,254.835,青葉山農,,A,翅の模様、分布,,1,,M,,標本有,"　仙台市青葉区荒巻青葉,1♂；20.V.2022 佐野孔亮"
105,チョウ,シロチョウ,モンキチョウ,Colias erate poliographa,2022,5,26,川内,38.25733,140.85503,佐野孔亮,●,チョウ,シロチョウ,Colias erate poliographa,257.855,川内,草本,A,翅の模様,,1,,M,,,"　仙台市青葉区川内,1♂；26.V.2022 佐野孔亮"
106,チョウ,シロチョウ,モンキチョウ,Colias erate poliographa,2022,6,13,工学部,38.25453,140.83621,佐野孔亮,●,チョウ,シロチョウ,Colias erate poliographa,255.836,工学部,草本,A,翅の模様,,1,,M,タンポポ,,"　仙台市青葉区荒巻青葉,1♂；13.VI.2022 佐野孔亮"
107,チョウ,シロチョウ,モンキチョウ,Colias erate poliographa,2022,6,16,川内,38.2582,140.85543,佐野孔亮,●,チョウ,シロチョウ,Colias erate poliographa,258.855,川内,草本,A,翅の模様,,1,,M,,,"　仙台市青葉区川内,1♂；16.VI.2022 佐野孔亮"
108,チョウ,シロチョウ,モンキチョウ,Colias erate poliographa,2022,6,30,川内,38.25859,140.85503,佐野孔亮,●,チョウ,シロチョウ,Colias erate poliographa,259.855,川内,,A,模様、色,,1,,M,,標本有。,"　仙台市青葉区川内,1♂；30.VI.2022 佐野孔亮"
109,チョウ,シロチョウ,モンキチョウ,Colias erate poliographa,2022,7,25,川内,38.25803,140.85452,佐野孔亮,●,チョウ,シロチョウ,Colias erate poliographa,258.855,川内,草上,A,模様,,1,,,,,"　仙台市青葉区川内,1ex.；25.VII.2022 佐野孔亮"
110,チョウ,シロチョウ,モンキチョウ,Colias erate poliographa,2022,9,10,川内,38.2602,140.85216,佐野孔亮,●,チョウ,シロチョウ,Colias erate poliographa,260.852,川内,,A,模様,,1,,M,,未展翅,"　仙台市青葉区川内,1♂；10.IX.2022 佐野孔亮"
111,チョウ,シロチョウ,モンキチョウ,Colias erate poliographa,2022,9,10,川内,38.26126,140.85829,佐野孔亮,●,チョウ,シロチョウ,Colias erate poliographa,261.858,川内,,A,模様,,1,,F,,未展翅,"　仙台市青葉区川内,1♀；10.IX.2022 佐野孔亮"
112,チョウ,シロチョウ,キタキチョウ,Eurema mandarina,2022,4,28,川内,38.25645,140.85417,佐野孔亮,●,チョウ,シロチョウ,Eurema mandarina,256.854,川内,草本,A,模様,,1,,,,,"　仙台市青葉区川内,1ex.；28.IV.2022 佐野孔亮"
113,チョウ,シロチョウ,キタキチョウ,Eurema mandarina,2022,5,18,川内,38.25803,140.85459,佐野孔亮,●,チョウ,シロチョウ,Eurema mandarina,258.855,川内,,A,模様,,1,,,,未展翅,"　仙台市青葉区川内,1ex.；18.V.2022 佐野孔亮"
114,チョウ,シロチョウ,キタキチョウ,Eurema mandarina,2022,6,4,青葉山農,38.25184,140.83267,佐野孔亮,●,チョウ,シロチョウ,Eurema mandarina,252.833,青葉山農,,A,体色、分布,,1,,,,,"　仙台市青葉区荒巻青葉,1ex.；4.VI.2022 佐野孔亮"
115,チョウ,シロチョウ,キタキチョウ,Eurema mandarina,2023,4,5,工学部,38.25449,140.83682,佐野孔亮,●,チョウ,シロチョウ,Eurema mandarina,254.837,工学部,,A,模様,,1,,,,未展翅,"　仙台市青葉区荒巻青葉,1ex.；5.IV.2023 佐野孔亮"
116,チョウ,シロチョウ,キタキチョウ,Eurema mandarina,2023,4,19,理薬,38.2583,140.84247,佐野孔亮,●,チョウ,シロチョウ,Eurema mandarina,258.842,理薬,,A,模様,,3,,,,,"　仙台市青葉区荒巻青葉,3ex.；19.IV.2023 佐野孔亮"
117,チョウ,シロチョウ,キタキチョウ,Eurema mandarina,2023,4,19,理薬,38.25856,140.84241,佐野孔亮,●,チョウ,シロチョウ,Eurema mandarina,259.842,理薬,草上,A,模様,,1,,,,,"　仙台市青葉区荒巻青葉,1ex.；19.IV.2023 佐野孔亮"
118,チョウ,シロチョウ,キタキチョウ,Eurema mandarina,2023,4,27,理薬,38.25855,140.84243,佐野孔亮,●,チョウ,シロチョウ,Eurema mandarina,259.842,理薬,,A,模様,,1,,,,未展翅,"　仙台市青葉区荒巻青葉,1ex.；27.IV.2023 佐野孔亮"
119,チョウ,シロチョウ,スジグロシロチョウ,Pieris melete,2022,5,29,川内,38.25099,140.86021,佐野孔亮,●,チョウ,シロチョウ,Pieris melete,251.86,川内,,B,模様,,1,,,,近縁種（ヤマト、エゾ）と判別が曖昧、標本有。,"　仙台市青葉区川内,1ex.；29.V.2022 佐野孔亮"
120,チョウ,シロチョウ,スジグロシロチョウ,Pieris melete,2022,6,19,川内,38.25127,140.86005,佐野孔亮,●,チョウ,シロチョウ,Pieris melete,251.86,川内,,A,模様,,1,,,,夏型、未展翅,"　仙台市青葉区川内,1ex.；19.VI.2022 佐野孔亮"
121,チョウ,シロチョウ,スジグロシロチョウ,Pieris melete,2022,6,30,川内,38.2506,140.86001,佐野孔亮,●,チョウ,シロチョウ,Pieris melete,251.86,川内,,A,発香鱗の香りが強い,,1,,M,,未展翅,"　仙台市青葉区川内,1♂；30.VI.2022 佐野孔亮"
122,チョウ,シロチョウ,スジグロシロチョウ,Pieris melete,2023,4,14,理薬,38.25824,140.84219,佐野孔亮,●,チョウ,シロチョウ,Pieris melete,258.842,理薬,,B,模様,,1,,,,未展翅,"　仙台市青葉区荒巻青葉,1ex.；14.IV.2023 佐野孔亮"
123,チョウ,シロチョウ,スジグロシロチョウ,Pieris melete,2023,4,19,理薬,38.25828,140.84247,佐野孔亮,●,チョウ,シロチョウ,Pieris melete,258.842,理薬,空中,B,翅裏の黒条,,1,,,,近縁種（ヤマト、エゾ）と判別が曖昧,"　仙台市青葉区荒巻青葉,1ex.；19.IV.2023 佐野孔亮"
124,チョウ,シロチョウ,スジグロシロチョウ,Pieris melete,2023,4,19,理薬,38.25893,140.84244,佐野孔亮,●,チョウ,シロチョウ,Pieris melete,259.842,理薬,,A,模様,,1,,,,,"　仙台市青葉区荒巻青葉,1ex.；19.IV.2023 佐野孔亮"
126,チョウ,シロチョウ,スジグロシロチョウ,Pieris melete,2023,7,5,理薬,38.25899,140.84251,佐野孔亮,●,チョウ,シロチョウ,Pieris melete,259.843,理薬,,A,模様,,1,,F,,未展翅,"　仙台市青葉区荒巻青葉,1♀；5.VII.2023 佐野孔亮"
127,チョウ,シロチョウ,スジグロシロチョウ,Pieris melete,2023,7,5,理薬,38.25894,140.84244,佐野孔亮,●,チョウ,シロチョウ,Pieris melete,259.842,理薬,,A,発香鱗の香りが強い,,1,,M,,未展翅,"　仙台市青葉区荒巻青葉,1♂；5.VII.2023 佐野孔亮"
128,チョウ,シロチョウ,スジグロシロチョウ,Pieris melete,2023,7,5,理薬,38.25824,140.84213,佐野孔亮,●,チョウ,シロチョウ,Pieris melete,258.842,理薬,,A,模様,,1,,F,,未展翅,"　仙台市青葉区荒巻青葉,1♀；5.VII.2023 佐野孔亮"
129,チョウ,シロチョウ,モンシロチョウ,Pieris rapae crucivora,2022,6,13,青葉山農,38.25549,140.83171,佐野孔亮,●,チョウ,シロチョウ,Pieris rapae crucivora,255.832,青葉山農,草本,A,模様,,1,,,タンポポ,未展翅,"　仙台市青葉区荒巻青葉,1ex.；13.VI.2022 佐野孔亮"
130,チョウ,シロチョウ,モンシロチョウ,Pieris rapae crucivora,2022,6,14,川内,38.25537,140.85845,佐野孔亮,●,チョウ,シロチョウ,Pieris rapae crucivora,255.858,川内,草本,A,翅の模様,,1,,,,,"　仙台市青葉区川内,1ex.；14.VI.2022 佐野孔亮"
131,チョウ,シロチョウ,モンシロチョウ,Pieris rapae crucivora,2022,6,15,川内,38.25784,140.84958,佐野孔亮,●,チョウ,シロチョウ,Pieris rapae crucivora,258.85,川内,草本,A,翅の模様,,1,,,アカツメクサ,,"　仙台市青葉区川内,1ex.；15.VI.2022 佐野孔亮"
132,チョウ,シロチョウ,モンシロチョウ,Pieris rapae crucivora,2022,6,16,川内,38.25801,140.8556,佐野孔亮,●,チョウ,シロチョウ,Pieris rapae crucivora,258.856,川内,,A,模様,,1,,,,,"　仙台市青葉区川内,1ex.；16.VI.2022 佐野孔亮"
133,チョウ,シロチョウ,モンシロチョウ,Pieris rapae crucivora,2022,7,12,川内,38.25722,140.85814,佐野孔亮,●,チョウ,シロチョウ,Pieris rapae crucivora,257.858,川内,草本,A,模様,,1,,,ヒメジョオン,,"　仙台市青葉区川内,1ex.；12.VII.2022 佐野孔亮"
135,チョウ,シロチョウ,モンシロチョウ,Pieris rapae crucivora,2023,3,23,青葉山農,38.25621,140.83147,佐野孔亮,●,チョウ,シロチョウ,Pieris rapae crucivora,256.831,青葉山農,,A,模様,,1,,,,初見、未展翅,"　仙台市青葉区荒巻青葉,1ex.；23.III.2023 佐野孔亮"
136,チョウ,シロチョウ,モンシロチョウ,Pieris rapae crucivora,2023,4,5,工学部,38.25438,140.83666,佐野孔亮,●,チョウ,シロチョウ,Pieris rapae crucivora,254.837,工学部,,A,模様,,1,,,,未展翅,"　仙台市青葉区荒巻青葉,1ex.；5.IV.2023 佐野孔亮"
137,チョウ,シロチョウ,モンシロチョウ,Pieris rapae crucivora,2023,8,8,理薬,38.25932,140.84172,佐野孔亮,●,チョウ,シロチョウ,Pieris rapae crucivora,259.842,理薬,,A,模様,,1,,,,極小個体、未展翅,"　仙台市青葉区荒巻青葉,1ex.；8.VIII.2023 佐野孔亮"
138,チョウ,シロチョウ,モンシロチョウ,Pieris rapae crucivora,2023,11,3,青葉山農,38.25433,140.83523,佐野孔亮,●,チョウ,シロチョウ,Pieris rapae crucivora,254.835,青葉山農,,A,模様,,1,,,,未展翅,"　仙台市青葉区荒巻青葉,1ex.；3.II.2023 佐野孔亮"
139,チョウ,ジャノメチョウ,クロヒカゲ,Lethe diana diana,2022,6,4,青葉山農,38.25129,140.83551,佐野孔亮,●,チョウ,ジャノメチョウ,Lethe diana diana,251.836,青葉山農,,A,模様,,1,,,,未展翅,"　仙台市青葉区荒巻青葉,1ex.；4.VI.2022 佐野孔亮"
140,チョウ,ジャノメチョウ,クロヒカゲ,Lethe diana diana,2022,6,5,川内,38.24965,140.86194,佐野孔亮,●,チョウ,ジャノメチョウ,Lethe diana diana,250.862,川内,,A,裏面の模様,,1,,,,未展翅,"　仙台市青葉区川内,1ex.；5.VI.2022 佐野孔亮"
141,チョウ,ジャノメチョウ,クロヒカゲ,Lethe diana diana,2022,6,9,川内,38.257,140.85081,佐野孔亮,●,チョウ,ジャノメチョウ,Lethe diana diana,257.851,川内,草本,A,翅裏の模様,,1,,,,,"　仙台市青葉区川内,1ex.；9.VI.2022 佐野孔亮"
142,チョウ,ジャノメチョウ,クロヒカゲ,Lethe diana diana,2022,6,30,川内,38.24994,140.86006,佐野孔亮,●,チョウ,ジャノメチョウ,Lethe diana diana,250.86,川内,,A,後翅裏面の模様,,1,,,,未展翅,"　仙台市青葉区川内,1ex.；30.VI.2022 佐野孔亮"
143,チョウ,ジャノメチョウ,クロヒカゲ,Lethe diana diana,2022,7,16,青葉山農,38.25589,140.8318,佐野孔亮,●,チョウ,ジャノメチョウ,Lethe diana diana,256.832,青葉山農,,A,裏面の模様,,1,,,,未展翅,"　仙台市青葉区荒巻青葉,1ex.；16.VII.2022 佐野孔亮"
145,チョウ,ジャノメチョウ,ジャノメチョウ,Minois dryas bipunctata,2022,7,9,青葉山農,38.25569,140.83189,佐野孔亮,●,チョウ,ジャノメチョウ,Minois dryas bipunctata,256.832,青葉山農,,A,模様、大きさ,,1,,M,,未展翅,"　仙台市青葉区荒巻青葉,1♂；9.VII.2022 佐野孔亮"
146,チョウ,ジャノメチョウ,ジャノメチョウ,Minois dryas bipunctata,2022,7,11,青葉山農,38.25583,140.83178,佐野孔亮,●,チョウ,ジャノメチョウ,Minois dryas bipunctata,256.832,青葉山農,草上,A,模様,,1,,F,,標本有。,"　仙台市青葉区荒巻青葉,1♀；11.VII.2022 佐野孔亮"
147,チョウ,ジャノメチョウ,ジャノメチョウ,Minois dryas bipunctata,2022,7,11,青葉山農,38.25581,140.83196,佐野孔亮,●,チョウ,ジャノメチョウ,Minois dryas bipunctata,256.832,青葉山農,,A,模様、大きさ,,1,,M,,未展翅,"　仙台市青葉区荒巻青葉,1♂；11.VII.2022 佐野孔亮"
148,チョウ,ジャノメチョウ,ジャノメチョウ,Minois dryas bipunctata,2022,7,16,青葉山農,38.25567,140.8318,佐野孔亮,●,チョウ,ジャノメチョウ,Minois dryas bipunctata,256.832,青葉山農,草本,A,模様,,1,,M,,標本有,"　仙台市青葉区荒巻青葉,1♂；16.VII.2022 佐野孔亮"
149,チョウ,ジャノメチョウ,ジャノメチョウ,Minois dryas bipunctata,2022,7,16,青葉山農,38.25581,140.83185,佐野孔亮,●,チョウ,ジャノメチョウ,Minois dryas bipunctata,256.832,青葉山農,草上,A,模様,,1,,,,,"　仙台市青葉区荒巻青葉,1ex.；16.VII.2022 佐野孔亮"
150,チョウ,ジャノメチョウ,サトキマダラヒカゲ,Neope goschkevitschii,2022,5,19,川内,38.25896,140.85369,佐野孔亮,●,チョウ,ジャノメチョウ,Neope goschkevitschii,259.854,川内,壁,A,後翅裏側の眼状斑の黄紋が大きい,,1,,,,標本有,"　仙台市青葉区川内,1ex.；19.V.2022 佐野孔亮"
151,チョウ,ジャノメチョウ,サトキマダラヒカゲ,Neope goschkevitschii,2022,5,26,川内,38.25911,140.85098,佐野孔亮,●,チョウ,ジャノメチョウ,Neope goschkevitschii,259.851,川内,舗装,C,翅の模様,,1,,,,ヤマキマダラヒカゲかもしれない。,"　仙台市青葉区川内,1ex.；26.V.2022 佐野孔亮"
152,チョウ,ジャノメチョウ,サトキマダラヒカゲ,Neope goschkevitschii,2022,6,5,川内,38.25798,140.8549,佐野孔亮,●,チョウ,ジャノメチョウ,Neope goschkevitschii,258.855,川内,幹,B,翅裏の模様、分布,,1,,,,樹液を吸蜜中有、ヤマと判別が怪しい,"　仙台市青葉区川内,1ex.；5.VI.2022 佐野孔亮"
153,チョウ,ジャノメチョウ,サトキマダラヒカゲ,Neope goschkevitschii,2023,8,22,理薬,38.25944,140.84185,佐野孔亮,●,チョウ,ジャノメチョウ,Neope goschkevitschii,259.842,理薬,,B,後翅裏面の模様,,1,,,,未展翅,"　仙台市青葉区荒巻青葉,1ex.；22.VIII.2023 佐野孔亮"
154,チョウ,ジャノメチョウ,ヒメウラナミジャノメ,Ypthima argus argus,2022,5,12,川内,38.2608,140.85775,佐野孔亮,●,チョウ,ジャノメチョウ,Ypthima argus argus,261.858,川内,,A,模様,,1,,,,未展翅,"　仙台市青葉区川内,1ex.；12.V.2022 佐野孔亮"
155,チョウ,ジャノメチョウ,ヒメウラナミジャノメ,Ypthima argus argus,2022,5,17,川内,38.25796,140.85445,佐野孔亮,●,チョウ,ジャノメチョウ,Ypthima argus argus,258.854,川内,,A,裏面の模様,,1,,,,未展翅,"　仙台市青葉区川内,1ex.；17.V.2022 佐野孔亮"
156,チョウ,ジャノメチョウ,ヒメウラナミジャノメ,Ypthima argus argus,2022,5,17,川内,38.25796,140.85445,佐野孔亮,●,チョウ,ジャノメチョウ,Ypthima argus argus,258.854,川内,,A,模様,,1,,,,未展翅,"　仙台市青葉区川内,1ex.；17.V.2022 佐野孔亮"
157,チョウ,ジャノメチョウ,ヒメウラナミジャノメ,Ypthima argus argus,2022,6,4,青葉山農,38.25405,140.83267,佐野孔亮,●,チョウ,ジャノメチョウ,Ypthima argus argus,254.833,青葉山農,,A,翅裏の模様,,1,,,,,"　仙台市青葉区荒巻青葉,1ex.；4.VI.2022 佐野孔亮"
158,チョウ,ジャノメチョウ,ヒメウラナミジャノメ,Ypthima argus argus,2022,6,13,青葉山農,38.25409,140.8328,佐野孔亮,●,チョウ,ジャノメチョウ,Ypthima argus argus,254.833,青葉山農,,A,翅裏,,1,,,,,"　仙台市青葉区荒巻青葉,1ex.；13.VI.2022 佐野孔亮"
159,チョウ,ジャノメチョウ,ヒメウラナミジャノメ,Ypthima argus argus,2022,7,25,川内,38.25803,140.85452,佐野孔亮,●,チョウ,ジャノメチョウ,Ypthima argus argus,258.855,川内,草上,A,模様,,1,,,,,"　仙台市青葉区川内,1ex.；25.VII.2022 佐野孔亮"
160,チョウ,セセリチョウ,ダイミョウセセリ,Daimio tethys tethys,2022,6,9,川内,38.25686,140.8496,佐野孔亮,●,チョウ,セセリチョウ,Daimio tethys tethys,257.85,川内,草本,A,翅の白斑の形状,,3,,,シロツメクサ,,"　仙台市青葉区川内,3ex.；9.VI.2022 佐野孔亮"
161,チョウ,セセリチョウ,ダイミョウセセリ,Daimio tethys tethys,2023,4,27,理薬,38.2589,140.84242,佐野孔亮,●,チョウ,セセリチョウ,Daimio tethys tethys,259.842,理薬,草本,A,模様,,1,,,,未展翅,"　仙台市青葉区荒巻青葉,1ex.；27.IV.2023 佐野孔亮"
162,チョウ,セセリチョウ,ミヤマセセリ,Erynnis montana montana,2023,4,14,理薬,38.25894,140.84238,佐野孔亮,●,チョウ,セセリチョウ,Erynnis montana montana,259.842,理薬,,A,模様,,1,,,,未展翅,"　仙台市青葉区荒巻青葉,1ex.；14.IV.2023 佐野孔亮"
163,チョウ,セセリチョウ,ミヤマセセリ,Erynnis montana montana,2023,4,19,理薬,38.25835,140.8426,佐野孔亮,●,チョウ,セセリチョウ,Erynnis montana montana,258.843,理薬,草上,A,模様,,1,,,,,"　仙台市青葉区荒巻青葉,1ex.；19.IV.2023 佐野孔亮"
164,チョウ,セセリチョウ,ミヤマセセリ,Erynnis montana montana,2023,4,19,理薬,38.25828,140.84249,佐野孔亮,●,チョウ,セセリチョウ,Erynnis montana montana,258.842,理薬,,A,模様,,1,,,,未展翅,"　仙台市青葉区荒巻青葉,1ex.；19.IV.2023 佐野孔亮"
165,チョウ,セセリチョウ,ヒメキマダラセセリ,Ochlodes ochraceus,2023,6,19,青葉山農,38.25441,140.83314,佐野孔亮,●,チョウ,セセリチョウ,Ochlodes ochraceus,254.833,青葉山農,草本,A,裏面の模様,,1,,,,未展翅,"　仙台市青葉区荒巻青葉,1ex.；19.VI.2023 佐野孔亮"
166,チョウ,タテハチョウ,コムラサキ,Apatura metis substituta,2022,7,9,青葉山農,38.25587,140.83181,佐野孔亮,●,チョウ,タテハチョウ,Apatura metis substituta,256.832,青葉山農,樹上,A,模様,,1,,M,,樹液を吸蜜中、標本有。,"　仙台市青葉区荒巻青葉,1♂；9.VII.2022 佐野孔亮"
167,チョウ,タテハチョウ,コムラサキ,Apatura metis substituta,2022,7,11,青葉山農,38.25593,140.83169,佐野孔亮,●,チョウ,タテハチョウ,Apatura metis substituta,256.832,青葉山農,幹,A,模様,,1,,M,,標本有,"　仙台市青葉区荒巻青葉,1♂；11.VII.2022 佐野孔亮"
168,チョウ,タテハチョウ,コムラサキ,Apatura metis substituta,2022,7,25,川内,38.25796,140.85488,佐野孔亮,●,チョウ,タテハチョウ,Apatura metis substituta,258.855,川内,幹,A,模様,,1,,M,,樹液を吸蜜中,"　仙台市青葉区川内,1♂；25.VII.2022 佐野孔亮"
169,チョウ,タテハチョウ,コムラサキ,Apatura metis substituta,2023,6,1,青葉山農,38.25597,140.83177,佐野孔亮,●,チョウ,タテハチョウ,Apatura metis substituta,256.832,青葉山農,,A,模様,,1,,M,,未展翅,"　仙台市青葉区荒巻青葉,1♂；1.VI.2023 佐野孔亮"
170,チョウ,タテハチョウ,ミドリヒョウモン,Argynnis paphia tsushimana,2023,9,12,理薬,38.25893,140.84239,佐野孔亮,●,チョウ,タテハチョウ,Argynnis paphia tsushimana,259.842,理薬,,A,性標の数、後翅裏面の模様,,1,,M,,未展翅,"　仙台市青葉区荒巻青葉,1♂；12.IX.2023 佐野孔亮"
171,チョウ,タテハチョウ,ミドリヒョウモン,Argynnis paphia tsushimana,2023,9,12,理薬,38.25891,140.84246,佐野孔亮,●,チョウ,タテハチョウ,Argynnis paphia tsushimana,259.842,理薬,,A,性標の数、後翅裏面の模様,,1,,M,,未展翅,"　仙台市青葉区荒巻青葉,1♂；12.IX.2023 佐野孔亮"
172,チョウ,タテハチョウ,ツマグロヒョウモン,Argyreus hyperbius hyperbius,2022,9,10,X,38.26326,140.86085,佐野孔亮,●,チョウ,タテハチョウ,Argyreus hyperbius hyperbius,263.861,X,,A,模様,,1,,M,,未展翅,"仙台市青葉区川内川前丁,1♂；10.IX.2022 佐野孔亮"
175,チョウ,タテハチョウ,ツマグロヒョウモン,Argyreus hyperbius hyperbius,2023,9,25,青葉山農,38.2545,140.83357,佐野孔亮,●,チョウ,タテハチョウ,Argyreus hyperbius hyperbius,255.834,青葉山農,,A,模様,,1,,F,,未展翅,"　仙台市青葉区荒巻青葉,1♀；25.IX.2023 佐野孔亮"
176,チョウ,タテハチョウ,ツマグロヒョウモン,Argyreus hyperbius hyperbius,2023,11,3,青葉山農,38.25439,140.83302,佐野孔亮,●,チョウ,タテハチョウ,Argyreus hyperbius hyperbius,254.833,青葉山農,草本,A,模様,,1,,M,,未展翅,"　仙台市青葉区荒巻青葉,1♂；3.II.2023 佐野孔亮"
177,チョウ,タテハチョウ,ツマグロヒョウモン,Argyreus hyperbius hyperbius,2023,11,3,青葉山農,38.25422,140.83134,佐野孔亮,●,チョウ,タテハチョウ,Argyreus hyperbius hyperbius,254.831,青葉山農,草本,A,模様,,1,,F,,未展翅,"　仙台市青葉区荒巻青葉,1♀；3.II.2023 佐野孔亮"
178,チョウ,タテハチョウ,メスグロヒョウモン,Damora sagana liana,2022,6,21,川内,38.25742,140.8554,佐野孔亮,●,チョウ,タテハチョウ,Damora sagana liana,257.855,川内,,A,性標が3本、後翅の表に細い黒線,,1,,M,,標本有。,"　仙台市青葉区川内,1♂；21.VI.2022 佐野孔亮"
179,チョウ,タテハチョウ,メスグロヒョウモン,Damora sagana liana,2023,9,25,青葉山農,38.25439,140.83301,佐野孔亮,●,チョウ,タテハチョウ,Damora sagana liana,254.833,青葉山農,草本,A,模様,,1,,F,,未展翅,"　仙台市青葉区荒巻青葉,1♀；25.IX.2023 佐野孔亮"
180,チョウ,タテハチョウ,サトウラギンヒョウモン,Fabriciana pallescens pallescens,2022,6,4,青葉山農,38.25473,140.83311,佐野孔亮,●,チョウ,タテハチョウ,Fabriciana pallescens pallescens,255.833,青葉山農,草本,A,模様,,1,,,タンポポ,,"　仙台市青葉区荒巻青葉,1ex.；4.VI.2022 佐野孔亮"
181,チョウ,タテハチョウ,サトウラギンヒョウモン,Fabriciana pallescens pallescens,2022,6,5,川内,38.25865,140.85501,佐野孔亮,●,チョウ,タテハチョウ,Fabriciana pallescens pallescens,259.855,川内,,B,大きさ、体色,,1,,,,,"　仙台市青葉区川内,1ex.；5.VI.2022 佐野孔亮"
182,チョウ,タテハチョウ,サトウラギンヒョウモン,Fabriciana pallescens pallescens,2022,6,30,川内,38.25818,140.85548,佐野孔亮,●,チョウ,タテハチョウ,Fabriciana pallescens pallescens,258.855,川内,,A,模様、前翅の外縁が強くへこむ,,1,,M,,標本有。,"　仙台市青葉区川内,1♂；30.VI.2022 佐野孔亮"
183,チョウ,タテハチョウ,サトウラギンヒョウモン,Fabriciana pallescens pallescens,2023,6,29,X,38.25269,140.81911,佐野孔亮,●,チョウ,タテハチョウ,Fabriciana pallescens pallescens,253.819,X,,B,後翅裏面の地色が濃い,,1,,M,,未展翅,"仙台市青葉区郷六郷六山,1♂；29.VI.2023 佐野孔亮"
184,チョウ,タテハチョウ,アカボシゴマダラ,Hestina assimilis assimilis,2022,8,19,川内,38.25379,140.85811,佐野孔亮,_,チョウ,タテハチョウ,Hestina assimilis assimilis,254.858,川内,草上,A,翅の模様,,1,,F,,,"　仙台市青葉区川内,1ex.；19.VIII.2022 佐野孔亮"
185,チョウ,タテハチョウ,クジャクチョウ,Inachis io geisha,2022,4,10,理薬,38.25824,140.83544,佐野孔亮,●,チョウ,タテハチョウ,Inachis io geisha,258.835,理薬,草地,A,翅の模様,,1,,,,,"　仙台市青葉区荒巻青葉,1ex.；10.IV.2022 佐野孔亮"
186,チョウ,タテハチョウ,ルリタテハ,Kaniska canace nojaponicum,2023,4,10,理薬,38.25826,140.84242,佐野孔亮,●,チョウ,タテハチョウ,Kaniska canace nojaponicum,258.842,理薬,,A,模様,,1,,,,標本有。,"　仙台市青葉区荒巻青葉,1ex.；10.IV.2023 佐野孔亮"
187,チョウ,タテハチョウ,ルリタテハ,Kaniska canace nojaponicum,2023,4,10,理薬,38.2583,140.84223,佐野孔亮,●,チョウ,タテハチョウ,Kaniska canace nojaponicum,258.842,理薬,,A,模様,,1,,,,標本有。,"　仙台市青葉区荒巻青葉,1ex.；10.IV.2023 佐野孔亮"
188,チョウ,タテハチョウ,ルリタテハ,Kaniska canace nojaponicum,2023,4,10,理薬,38.25835,140.84249,佐野孔亮,●,チョウ,タテハチョウ,Kaniska canace nojaponicum,258.842,理薬,,A,模様,,1,,,,標本有。,"　仙台市青葉区荒巻青葉,1ex.；10.IV.2023 佐野孔亮"
189,チョウ,タテハチョウ,ルリタテハ,Kaniska canace nojaponicum,2023,6,20,青葉山農,38.25053,140.83631,佐野孔亮,●,チョウ,タテハチョウ,Kaniska canace nojaponicum,251.836,青葉山農,,A,模様,,1,,,,未展翅,"　仙台市青葉区荒巻青葉,1ex.；20.VI.2023 佐野孔亮"
190,チョウ,タテハチョウ,ルリタテハ,Kaniska canace nojaponicum,2023,8,31,青葉山農,38.25015,140.8348,佐野孔亮,●,チョウ,タテハチョウ,Kaniska canace nojaponicum,250.835,青葉山農,,A,模様,,1,,,,未展翅,"　仙台市青葉区荒巻青葉,1ex.；31.VIII.2023 佐野孔亮"
191,チョウ,タテハチョウ,イチモンジチョウ,Limenitis camilla japonica,2022,6,4,工学部,38.25425,140.83773,佐野孔亮,●,チョウ,タテハチョウ,Limenitis camilla japonica,254.838,工学部,,A,模様,,1,,,,未展翅,"　仙台市青葉区荒巻青葉,1ex.；4.VI.2022 佐野孔亮"
192,チョウ,タテハチョウ,イチモンジチョウ,Limenitis camilla japonica,2023,6,10,青葉山農,38.25443,140.83305,佐野孔亮,●,チョウ,タテハチョウ,Limenitis camilla japonica,254.833,青葉山農,,A,前翅の模様,,1,,,,未展翅,"　仙台市青葉区荒巻青葉,1ex.；10.VI.2023 佐野孔亮"
193,チョウ,タテハチョウ,イチモンジチョウ,Limenitis camilla japonica,2023,6,29,X,38.25094,140.82089,佐野孔亮,●,チョウ,タテハチョウ,Limenitis camilla japonica,251.821,X,,A,模様,,1,,,,未展翅,"仙台市青葉区郷六郷六山,1ex.；29.VI.2023 佐野孔亮"
194,チョウ,タテハチョウ,ミスジチョウ,Neptis philyra philyra,2022,6,5,川内,38.25178,140.85831,佐野孔亮,●,チョウ,タテハチョウ,Neptis philyra philyra,252.858,川内,,A,大きさ、前翅の模様,,1,,,,標本有。,"　仙台市青葉区川内,1ex.；5.VI.2022 佐野孔亮"
195,チョウ,タテハチョウ,コミスジ,Neptis sappho intermedia,2022,5,29,川内,38.24974,140.86151,佐野孔亮,●,チョウ,タテハチョウ,Neptis sappho intermedia,250.862,川内,草本,A,大きさ、模様,,1,,,,標本有。,"　仙台市青葉区川内,1ex.；29.V.2022 佐野孔亮"
196,チョウ,タテハチョウ,コミスジ,Neptis sappho intermedia,2022,6,2,川内,38.25813,140.84927,佐野孔亮,●,チョウ,タテハチョウ,Neptis sappho intermedia,258.849,川内,草本,B,翅の模様,,1,,,,他のミスジと判別が怪しい,"　仙台市青葉区川内,1ex.；2.VI.2022 佐野孔亮"
197,チョウ,タテハチョウ,コミスジ,Neptis sappho intermedia,2022,6,4,青葉山農,38.25176,140.83596,佐野孔亮,●,チョウ,タテハチョウ,Neptis sappho intermedia,252.836,青葉山農,,A,1本目のスジ両端の切れ込み,,1,,,,,"　仙台市青葉区荒巻青葉,1ex.；4.VI.2022 佐野孔亮"
198,チョウ,タテハチョウ,コミスジ,Neptis sappho intermedia,2022,6,4,青葉山農,38.25169,140.8336,佐野孔亮,●,チョウ,タテハチョウ,Neptis sappho intermedia,252.834,青葉山農,,A,1本目のスジ両端の切れ込み,,3,,2M1F,,求愛中,"　仙台市青葉区荒巻青葉,32♂1♀；4.VI.2022 佐野孔亮"
199,チョウ,タテハチョウ,コミスジ,Neptis sappho intermedia,2022,6,4,青葉山農,38.25184,140.83267,佐野孔亮,●,チョウ,タテハチョウ,Neptis sappho intermedia,252.833,青葉山農,,A,1本目のスジ両端の切れ込み,,1,,,,,"　仙台市青葉区荒巻青葉,1ex.；4.VI.2022 佐野孔亮"
200,チョウ,タテハチョウ,コミスジ,Neptis sappho intermedia,2022,6,4,青葉山農,38.25177,140.836,佐野孔亮,●,チョウ,タテハチョウ,Neptis sappho intermedia,252.836,青葉山農,,A,模様,,1,,,,標本有。,"　仙台市青葉区荒巻青葉,1ex.；4.VI.2022 佐野孔亮"
201,チョウ,タテハチョウ,コミスジ,Neptis sappho intermedia,2022,6,4,理薬,38.2585,140.83562,佐野孔亮,●,チョウ,タテハチョウ,Neptis sappho intermedia,259.836,理薬,,A,1本目のスジに切れ込みがある,,1,,,,未展翅,"　仙台市青葉区荒巻青葉,1ex.；4.VI.2022 佐野孔亮"
202,チョウ,タテハチョウ,コミスジ,Neptis sappho intermedia,2023,4,21,理薬,38.25854,140.84285,佐野孔亮,●,チョウ,タテハチョウ,Neptis sappho intermedia,259.843,理薬,草本,A,模様,,1,,,,,"　仙台市青葉区荒巻青葉,1ex.；21.IV.2023 佐野孔亮"
203,チョウ,タテハチョウ,コミスジ,Neptis sappho intermedia,2023,4,28,理薬,38.25892,140.84237,佐野孔亮,●,チョウ,タテハチョウ,Neptis sappho intermedia,259.842,理薬,,A,模様,,1,,,,未展翅,"　仙台市青葉区荒巻青葉,1ex.；28.IV.2023 佐野孔亮"
204,チョウ,タテハチョウ,キタテハ,Polygonia c-aureum c-aureum,2022,4,10,青葉山農,38.25439,140.83308,佐野孔亮,●,チョウ,タテハチョウ,Polygonia c-aureum c-aureum,254.833,青葉山農,草地,B,翅の形、模様,,1,,,,,"　仙台市青葉区荒巻青葉,1ex.；10.IV.2022 佐野孔亮"
205,チョウ,タテハチョウ,キタテハ,Polygonia c-aureum c-aureum,2022,6,19,川内,38.24988,140.86244,佐野孔亮,●,チョウ,タテハチョウ,Polygonia c-aureum c-aureum,250.862,川内,,A,翅形、前翅の基部近くに黒斑、標本有。,,1,,F,,標本有。,"　仙台市青葉区川内,1♀；19.VI.2022 佐野孔亮"
206,チョウ,タテハチョウ,キタテハ,Polygonia c-aureum c-aureum,2022,9,10,X,38.26272,140.86014,佐野孔亮,●,チョウ,タテハチョウ,Polygonia c-aureum c-aureum,263.86,X,,A,翅形,,1,,,,未展翅,"仙台市青葉区川内川前丁,1ex.；10.IX.2022 佐野孔亮"
207,チョウ,タテハチョウ,キタテハ,Polygonia c-aureum c-aureum,2023,11,3,青葉山農,38.25454,140.83128,佐野孔亮,●,チョウ,タテハチョウ,Polygonia c-aureum c-aureum,255.831,青葉山農,,A,翅形、模様,,1,,F,,秋型、未展翅,"　仙台市青葉区荒巻青葉,1♀；3.II.2023 佐野孔亮"
208,チョウ,タテハチョウ,ヒメアカタテハ,Vanessa cardui,2022,6,4,青葉山農,38.25376,140.83188,佐野孔亮,●,チョウ,タテハチョウ,Vanessa cardui,254.832,青葉山農,,A,模様,,1,,,,,"　仙台市青葉区荒巻青葉,1ex.；4.VI.2022 佐野孔亮"
209,チョウ,タテハチョウ,ヒメアカタテハ,Vanessa cardui,2023,9,25,青葉山農,38.25016,140.83344,佐野孔亮,●,チョウ,タテハチョウ,Vanessa cardui,250.833,青葉山農,,A,後翅裏面の模様,,1,,,,未展翅,"　仙台市青葉区荒巻青葉,1ex.；25.IX.2023 佐野孔亮"
210,チョウ,タテハチョウ,ヒメアカタテハ,Vanessa cardui,2023,11,3,青葉山農,38.25491,140.83326,佐野孔亮,●,チョウ,タテハチョウ,Vanessa cardui,255.833,青葉山農,,A,後翅の模様,,1,,,,未展翅,"　仙台市青葉区荒巻青葉,1ex.；3.II.2023 佐野孔亮"
211,チョウ,タテハチョウ,アカタテハ,Vanessa indica indica,2022,6,9,川内,38.25686,140.8496,佐野孔亮,●,チョウ,タテハチョウ,Vanessa indica indica,257.85,川内,草本,A,後翅の赤色部が外縁のみ,,1,,,,,"　仙台市青葉区川内,1ex.；9.VI.2022 佐野孔亮"
212,チョウ,タテハチョウ,アカタテハ,Vanessa indica indica,2023,4,14,理薬,38.25829,140.84252,佐野孔亮,●,チョウ,タテハチョウ,Vanessa indica indica,258.843,理薬,草本,A,模様,,1,,,ヤブカンゾウ,吸蜜、標本有。,"　仙台市青葉区荒巻青葉,1ex.；14.IV.2023 佐野孔亮"
,,合計,46,,,,,,,,,,,,,,,,,,,218,,,,,
